{
    "a": 8.198695569808665,
    "b": 1.5678420971917764,
    "c": 2.3301128521555574,
    "d": 4.712096199471372,
    "e": 12.174681785788387,
    "f": 2.068956185218262,
    "g": 2.4009273542439082,
    "h": 5.949320270989509,
    "i": 6.8956185218262025,
    "j": 0.1971078816089777,
    "k": 0.9490045375407071,
    "l": 3.9421576321795526,
    "m": 2.6228428639730095,
    "n": 6.88118499273813,
    "o": 7.778319035118581,
    "p": 1.576412005087819,
    "q": 0.07712917106438257,
    "r": 5.671023788260128,
    "s": 6.067043742614093,
    "t": 9.155818967461412,
    "u": 2.8668597151182196,
    "v": 0.9129207148205282,
    "w": 2.5867590412528303,
    "x": 0.14388424309671366,
    "y": 2.2065257593389442,
    "z": 0.06675507203233111
}